{
  "name": "MultiTable",
  "description": "A fluid multi-table layout. Each table groups subjects together under a shared parent.",
  "helpEmail": "igoldstein@salesforce.com",
  "helpUrl": "https://github.com/salesforce/refocus-lens-multitable",
  "license": "TBD",
  "version": "1.1.8",
  "releaseNotes": {
    "0.0.2": "Add more fields to the contents of the Sample modal.",
    "0.0.3": "Use handlebars templates; move external libraries to /lib",
    "0.0.4": "Added spacing so that the perspective switcher doesn't block anything.",
    "0.0.5": "Tags are array of strings now, not array of objects",
    "0.0.6": "Fix sample update bug",
    "0.0.7": "Display Invalid as 'Error' instead of 'N/A'",
    "0.0.8": "Better date formats",
    "0.0.9": "Oops... fix date display page header",
    "0.0.10": "Handle show-all checkbox before load",
    "1.0.0": "Aspect modals",
    "1.0.1": "Fix two Uncaught TypeErrors",
    "1.0.2": "Don't use experimental Object.values(...)",
    "1.0.3": "Show messageCode even when status=OK",
    "1.0.4": "ShowAll url parameter",
    "1.0.5": "Split overflowing groups",
    "1.0.6": "Subject add bug fix",
    "1.0.7": "Aspect rank",
    "1.0.8": "Subject sortBy",
    "1.0.9": "Fix showing awesome template before load",
    "1.0.10": "Bug fixes: data undefined error, sample update error, subjectSorter error",
    "1.0.11": "subjectSorter fix",
    "1.0.12": "Realtime changes on parent subjects",
    "1.0.13": "Remove empty groups",
    "1.0.14": "Apply showAll value to new groups",
    "1.0.15": "Fix blank header for root subject group",
    "1.0.16": "Sort sample related links alphabetically",
    "1.0.17": "Aspect name case insensitivity",
    "1.0.18": "Show aspect help links and related links in sample modal",
    "1.0.19": "Aspect name case insensitivity - missed one",
    "1.0.20": "Add google analytics tracking for search, onclick modals and links, and toggle checkbox",
    "1.0.21": "Prevent reverse tabnabbing",
    "1.0.22": "Add RealtimeChangeHandler arg validation and tests",
    "1.0.23": "Update the sample update handler to add a sample if it's not already being tracked",
    "1.0.24": "Remove subject.children from subject groups inventory",
    "1.0.25": "Add null checks for isUnderRootSubject arguments and sample name",
    "1.0.26": "Fix bug with removing/adding root subject",
    "1.0.27": "Don't reject 'sample.nochange' events as invalid",
    "1.1.0": "Handle the sample.nochange event",
    "1.1.1": "Fix onSampleNoChange",
    "1.1.2": "set the legend as fixed-position at top of page",
	  "1.1.3": "add bottom border to legend now that it's fixed-position",
    "1.1.4": "display value label in sample modal when provided",
    "1.1.5": "display messageCode, messageBody, value and value label separately",
    "1.1.6": "fix the if conditions for messageCode, messageBody, value in sample modal",
    "1.1.7": "fix duplicate rows/columns bug - add lowercase version of name to aspectsToShow/subjectsToShow sets",
    "1.1.8": "Add aspect timeout to aspect modal"
  }
}
